,0,1,2
0,1455814114111016962,2021-11-03 08:28:27,"‚Äú8 op de 10 starters ervaren de huidige ##woningmarkt als ongunstig‚Äù, blijkt uit de startersmonitor üè†, een groot‚Ä¶ https://t.co/koSGRsqUHq"
1,1448564109549649920,2021-10-14 08:19:31,"üè† Vrije sector huurprijzen weer in de lift! ‚¨ÜÔ∏è De gemiddelde m2 prijs van #huurwoningen is in Q3 2021 met 2,5% proc‚Ä¶ https://t.co/LLnXGgA7fX"
2,1420647251282649088,2021-07-29 07:27:53,Starters opgelet! üè† Help jij ons met het in kaart brengen van de problemen die starters ervaren op de woningmarkt?‚Ä¶ https://t.co/5t9j2jdlVH
3,1415224609914462208,2021-07-14 08:20:15,De gemiddelde m2 prijs van #huurwoningen in de #vrijesector is in Q2 2021 met 2% gedaald ten opzichte van Q2 2020.‚Ä¶ https://t.co/jS9lZAE6Oy
4,1395383581254488068,2021-05-20 14:19:05,Deze maand in @Vastgoedactueel: waarom het van belang is om al in een vroeg stadium de beoogde doelgroep van een ni‚Ä¶ https://t.co/BVsMkQWu7V
5,1384466477013733377,2021-04-20 11:18:24,Pararius: hier vindt Nederland een thuis! üè† Met nieuw logo √©n de vertrouwde kwaliteit die makelaars en woningzoeker‚Ä¶ https://t.co/WucQAlNbKp
6,1384069605845471238,2021-04-19 09:01:23,üè†The average square-metre price of rental properties in the Dutch unregulated housing sector fell by 2.4 percent in‚Ä¶ https://t.co/vaNWYa6qoq
7,1381900536698572801,2021-04-13 09:22:17,"De #huurprijzen van woningen in de #vrijesector zijn in het eerste kwartaal van 2021 met 2,4 procent #gedaald ten o‚Ä¶ https://t.co/rRidSSuBR6"
8,1359447369994092546,2021-02-10 10:21:24,"Kleiner wonen, meer delen: dat is shared living. üè† Dit nieuwe woonconcept zorgt ervoor dat je betaalbaar kunt wonen‚Ä¶ https://t.co/IgHip3aklQ"
9,1352183624444096512,2021-01-21 09:17:53,"@muratcorlu Hi Murat, sorry for the late reply. What is your specific question? We indeed try to block malicious bots."
10,1349647239615045633,2021-01-14 09:19:11,Opnieuw dalende #huurprijzen in de #vrijesector: grootste procentuele prijsdaling in 8 jaar. Dat blijkt uit de laat‚Ä¶ https://t.co/sUEF2fCGyU
11,1339845513655558144,2020-12-18 08:10:38,Pararius wenst je prettige feestdagen! ‚≠êÔ∏è We blikken graag met je terug op het afgelopen jaar en kijken vooruit naa‚Ä¶ https://t.co/NMPTDeL0Bl
12,1316641125403422720,2020-10-15 07:24:40,De druk op de #vrijesector #huurmarkt neemt af. Voor het eerst in 6 jaar is de gemiddelde landelijke #huurprijs ged‚Ä¶ https://t.co/AnB0dgMFxu
13,1280847401264316419,2020-07-08 12:53:12,"De gemiddelde vierkantemeterprijs van #huurwoningen in de #vrijesector is in het tweede kwartaal van 2020 met 2,4%‚Ä¶ https://t.co/LaevhONXg3"
14,1256542870389043200,2020-05-02 11:15:40,Met de reisplanner van #Pararius ontdek je prachtige woningen op plekken waar je zelf misschien nog niet aan had ge‚Ä¶ https://t.co/qwwFuOiu4I
15,1250691651833671680,2020-04-16 07:45:01,"De #vierkantemeterprijs van #vrijesectorhuurwoningen die afgelopen kwartaal vrijkwamen is gestegen met 2,6%, de kle‚Ä¶ https://t.co/CYEhaqw1ob"
16,1235596608760406017,2020-03-05 16:02:42,Nijmegen oefent grote invloed uit op de gemiddelde vrijesectorhuurprijs in Gelderland. Nieuwe huurders betaalden af‚Ä¶ https://t.co/UDIqPnnLHz
17,1219520571379212291,2020-01-21 07:22:16,#Huurprijsstijging #vrijesector koelt af. De landelijke #prijsstijging van vrije sector #huurwoningen bleef heel 20‚Ä¶ https://t.co/DRG8uYNzJ9
18,1219243848091799553,2020-01-20 13:02:40,"@jsjo Hello John, sorry for this late reply.  There were some load balancing problems during the time you were visi‚Ä¶ https://t.co/ZNYxZ1x8ic"
19,1202482401114492929,2019-12-05 06:58:40,#Huurprijsontwikkeling #Noord-Brabant. Nieuwe #huurders betaalden in de eerste helft van 2019 per #vierkantemeter p‚Ä¶ https://t.co/UCYCyxkEPd
20,1192061894884036608,2019-11-06 12:51:17,"@Marjon1990 Beste Marjon,
Kun je hierover contact opnemen met onze klantenservice, zodat zij je verder kunnen helpe‚Ä¶ https://t.co/iWrcgY3ALD"
21,1184416028085964802,2019-10-16 10:29:21,"RT @Vastgoedactueel: Gematigde stijging #huurprijzen vrije sector in kw3 2019, volgens Huurmonitor @Pararius 
https://t.co/0ZB1i5j6bC https‚Ä¶"
22,1184389383119687680,2019-10-16 08:43:28,RT @vastgoedmarktnl: Gaat het nu echt zo hard met de huurprijzen? Volgens @Pararius niet. https://t.co/PBunXy50gB
23,1184359922349334529,2019-10-16 06:46:24,"#Huurprijsstijging #vrije #sector blijft gematigd. De landelijke #vierkantemeterprijs van huurwoningen steeg met 3,‚Ä¶ https://t.co/Pzed5fl9IT"
24,1178608299840815104,2019-09-30 09:51:30,"@Rob0860 Beste Rob,
Wij adviseren de makelaars, die woningen op onze platform plaatsen, altijd te reageren richting‚Ä¶ https://t.co/srzRrMT4RK"
25,1177108095010574342,2019-09-26 06:30:14,#Pararius en #Nieuwbouw #Nederland bundelen hun krachten door middel van een koppeling tussen beide platforms. Proj‚Ä¶ https://t.co/KnZAk5hVAn
26,1176373063350439937,2019-09-24 05:49:28,RT @multiscope: Beste @funda @eigenhuis @jaapnl @Huislijnbv @Pararius @vbomakelaar @kamernet @esteonnl @directwonen @vesteda_wonen Jullie z‚Ä¶
27,1156445252171046915,2019-07-31 06:03:28,Grote #huurprijsverschillen binnen #Rotterdam in de #vrije #sector. Nieuwe #huurders betaalden in de eerste helft v‚Ä¶ https://t.co/jeKnkrWK0D
28,1151371974071005184,2019-07-17 06:04:04,Kleinste #landelijke #huurprijsstijging sinds 2015. De gemiddelde #landelijke #huurprijsstijging is in Q2 2019 verd‚Ä¶ https://t.co/KZLh8iyaPf
29,1145686801417428993,2019-07-01 13:33:13,@lgbtlgbtlgbtlg1 @TransNetNL Dank je wel voor het Genderdoeboek. Wij staan natuurlijk open voor aanpassingen in onz‚Ä¶ https://t.co/VaVHdSvH0a
